,storm_classification_type,test_mae,denormalized_test_mae,num_storms
0,NORTH_HEMISPHERE,0.14996309578418732,550.8532104492188,5421
1,SEA,0.19732879102230072,724.839599609375,8601
2,LAND,0.11210905015468597,411.8055114746094,2651
3,NORTH_ATLANTIC,0.13878902792930603,509.8079528808594,1375
4,MEDITERRANEAN,0.06768863648176193,248.63784790039062,207
5,PACIFIC,0.2452588677406311,900.899169921875,2025
6,SOUTH_HEMISPHERE,,,5831
