,storm_classification_type,num_storms,num_samples,test_mae_ci,denormalized_test_mae_ci,test_mae_ci_lower_0.95,denormalized_test_mae_ci_lower_0.95,test_mae_ci_upper_0.95,denormalized_test_mae_ci_upper_0.95
0,SEA,10139,645687,0.21874363720417023,331.7342224121094,0.21841108798980713,331.22991943359375,0.21907618641853333,332.2385559082031
1,SOUTH_HEMISPHERE,5821,427700,0.22501671314239502,341.24761962890625,0.22459463775157928,340.6075134277344,0.22543878853321075,341.8877258300781
2,NORTH_ATLANTIC,3065,116134,0.21426935493946075,324.94879150390625,0.21351243555545807,323.8008728027344,0.21502627432346344,326.0966796875
3,LAND,4889,163450,0.1970730721950531,298.869873046875,0.19642965495586395,297.89410400390625,0.19771648943424225,299.84564208984375
4,NORTH_HEMISPHERE,5406,381437,0.20349830389022827,308.614013671875,0.20308558642864227,307.9881286621094,0.20391102135181427,309.23992919921875
5,MEDITERRANEAN,441,15162,0.17001041769981384,257.82818603515625,0.16804790496826172,254.85194396972656,0.17197293043136597,260.8044128417969
6,PACIFIC,2369,137482,0.20238475501537323,306.9252624511719,0.20171833038330078,305.91461181640625,0.20305117964744568,307.9359436035156
