,storm_classification_type,num_storms,num_samples,test_mae,denormalized_test_mae,test_mae_ci,denormalized_test_mae_ci,test_mae_ci_lower_0.95,denormalized_test_mae_ci_lower_0.95,test_mae_ci_upper_0.95,denormalized_test_mae_ci_upper_0.95
0,LAND,4889,163450,0.10669156163930893,161.83839416503906,0.10669156163930893,161.83839416503906,0.10634899884462357,161.3187713623047,0.1070341244339943,162.3580322265625
1,MEDITERRANEAN,441,15162,0.09341314435005188,141.69662475585938,0.09341315925121307,141.69664001464844,0.09234664589166641,140.07887268066406,0.09447967261075974,143.31442260742188
2,NORTH_HEMISPHERE,5406,381437,0.10841221362352371,164.44842529296875,0.10841218382120132,164.44837951660156,0.10819017142057419,164.1116180419922,0.10863419622182846,164.78514099121094
3,SOUTH_HEMISPHERE,5821,427700,0.10532678663730621,159.76820373535156,0.10532703250646591,159.76856994628906,0.10512937605381012,159.46875,0.1055246889591217,160.06838989257812
4,NORTH_ATLANTIC,3065,116134,0.10764366388320923,163.28262329101562,0.10764364898204803,163.28260803222656,0.10725894570350647,162.6990509033203,0.1080283522605896,163.86614990234375
5,SEA,10139,645687,0.10685218125581741,162.08204650878906,0.10685195028781891,162.08169555664062,0.10668787360191345,161.8328094482422,0.10701602697372437,162.33058166503906
6,PACIFIC,2369,137482,0.10724712163209915,162.68112182617188,0.10724711418151855,162.6811065673828,0.10688884556293488,162.1376495361328,0.10760538280010223,163.2245635986328
