,storm_classification_type,num_storms,num_samples,test_mae_ci,denormalized_test_mae_ci,test_mae_ci_lower_0.95,denormalized_test_mae_ci_lower_0.95,test_mae_ci_upper_0.95,denormalized_test_mae_ci_upper_0.95
0,LAND,4889,163450,0.06712210923433304,102.01995086669922,0.0658014789223671,100.01270294189453,0.06844273954629898,104.0271987915039
1,NORTH_HEMISPHERE,5406,381437,0.0683964341878891,103.95681762695312,0.06744258850812912,102.5070571899414,0.06935027986764908,105.40658569335938
2,SEA,10139,645687,0.0674591138958931,102.53217315673828,0.06679680198431015,101.5255126953125,0.06812142580747604,103.53882598876953
3,PACIFIC,2369,137482,0.06745193898677826,102.5212631225586,0.06682704389095306,101.57147979736328,0.06807683408260345,103.47105407714844
4,SOUTH_HEMISPHERE,5821,427700,0.06718360632658005,102.1134262084961,0.06662969291210175,101.27152252197266,0.06773751974105835,102.955322265625
5,MEDITERRANEAN,441,15162,0.06708411872386932,101.96221160888672,0.06653483957052231,101.12734985351562,0.06763339787721634,102.79706573486328
6,NORTH_ATLANTIC,3065,116134,0.066916823387146,101.70793151855469,0.06639882922172546,100.9206314086914,0.06743481755256653,102.4952392578125
