,storm_classification_type,test_mae,denormalized_test_mae,num_storms
0,LAND,0.0658653974533081,0.7167361974716187,2642
1,SEA,0.06005844473838806,0.6535459160804749,8585
2,PACIFIC,0.060804158449172974,0.6616606712341309,2024
3,NORTH_ATLANTIC,0.05889829248189926,0.6409213542938232,1371
4,SOUTH_HEMISPHERE,0.05858393758535385,0.6375005841255188,5821
5,MEDITERRANEAN,0.05991494655609131,0.6519843935966492,207
6,NORTH_HEMISPHERE,0.06145734712481499,0.6687685251235962,5406
