,storm_classification_type,num_storms,num_samples,test_mae,denormalized_test_mae,test_mae_ci,denormalized_test_mae_ci,test_mae_ci_lower_0.95,denormalized_test_mae_ci_lower_0.95,test_mae_ci_upper_0.95,denormalized_test_mae_ci_upper_0.95
0,PACIFIC,2369,137482,0.15186037123203278,227.36170959472656,0.15186041593551636,227.3617706298828,0.1513306200504303,226.56857299804688,0.15239021182060242,228.15496826171875
1,LAND,4889,163450,0.14971762895584106,224.1536407470703,0.14971764385700226,224.15367126464844,0.1492079198360443,223.39051818847656,0.1502273678779602,224.91680908203125
2,SOUTH_HEMISPHERE,5821,427700,0.15409232676029205,230.70333862304688,0.15409234166145325,230.70335388183594,0.1537848263978958,230.24295043945312,0.15439985692501068,231.16375732421875
3,MEDITERRANEAN,441,15162,0.13818104565143585,206.88134765625,0.13818104565143585,206.88134765625,0.1365361362695694,204.4186248779297,0.1398259550333023,209.3440704345703
4,SEA,10139,645687,0.1546737402677536,231.57382202148438,0.15467379987239838,231.5738983154297,0.15442316234111786,231.1986541748047,0.1549244374036789,231.94915771484375
5,NORTH_HEMISPHERE,5406,381437,0.15353924036026,229.87527465820312,0.1535392850637436,229.87533569335938,0.1532088816165924,229.3806610107422,0.15386968851089478,230.37001037597656
6,NORTH_ATLANTIC,3065,116134,0.15512926876544952,232.25582885742188,0.15512914955615997,232.25564575195312,0.154544398188591,231.3801727294922,0.15571390092372894,233.13111877441406
