,storm_classification_type,test_mae,denormalized_test_mae,num_storms
0,PACIFIC,0.08219096064567566,125.42071533203125,2024
1,MEDITERRANEAN,0.06736615300178528,102.79854583740234,207
2,SEA,0.07987148314714432,121.88127136230469,8585
3,LAND,0.08517143130302429,129.96881103515625,2642
4,SOUTH_HEMISPHERE,0.07689308375120163,117.3363265991211,5821
5,NORTH_HEMISPHERE,0.08325351774692535,127.04214477539062,5406
6,NORTH_ATLANTIC,0.07809319347143173,119.16765594482422,1371
