,storm_classification_type,num_storms,num_samples,test_mae_ci,denormalized_test_mae_ci,test_mae_ci_lower_0.95,denormalized_test_mae_ci_lower_0.95,test_mae_ci_upper_0.95,denormalized_test_mae_ci_upper_0.95
0,SEA,10139,645687,0.11170274019241333,169.36434936523438,0.1115398108959198,169.1173095703125,0.11186566948890686,169.6113739013672
1,NORTH_HEMISPHERE,5406,381437,0.11013174802064896,166.98239135742188,0.10991735011339188,166.65731811523438,0.11034614592790604,167.30746459960938
2,SOUTH_HEMISPHERE,5821,427700,0.11226992309093475,170.22430419921875,0.11207020282745361,169.92149353027344,0.1124696433544159,170.52713012695312
3,LAND,4889,163450,0.10941378772258759,165.89381408691406,0.1090831458568573,165.3925018310547,0.10974442958831787,166.3951416015625
4,NORTH_ATLANTIC,3065,116134,0.11064625531435013,167.7624969482422,0.1102696880698204,167.19154357910156,0.11102282255887985,168.3334503173828
5,MEDITERRANEAN,441,15162,0.0970386490225792,147.1305694580078,0.09602302312850952,145.59066772460938,0.09805427491664886,148.6704559326172
6,PACIFIC,2369,137482,0.10838952660560608,164.34083557128906,0.10804346203804016,163.81613159179688,0.108735591173172,164.86553955078125
