,storm_classification_type,test_mae,denormalized_test_mae,num_storms
0,SEA,0.05695623159408569,0.6224441528320312,8585
1,NORTH_HEMISPHERE,0.0582413487136364,0.6364885568618774,5406
2,MEDITERRANEAN,0.049902405589818954,0.5453566908836365,207
3,LAND,0.060953352600336075,0.666126549243927,2642
4,SOUTH_HEMISPHERE,0.057927247136831284,0.6330558657646179,5821
5,PACIFIC,0.057658154517412186,0.6301150918006897,2024
6,NORTH_ATLANTIC,0.06018349528312683,0.6577132344245911,1371
