,storm_classification_type,num_storms,num_samples,test_mae,denormalized_test_mae,test_mae_ci,denormalized_test_mae_ci,test_mae_ci_lower_0.95,denormalized_test_mae_ci_lower_0.95,test_mae_ci_upper_0.95,denormalized_test_mae_ci_upper_0.95
0,NORTH_ATLANTIC,3065,116134,0.2028072625398636,301.41064453125,0.20280727744102478,301.41064453125,0.2020057737827301,300.2194519042969,0.20360878109931946,302.6018371582031
1,SOUTH_HEMISPHERE,5821,427700,0.20287899672985077,301.5172424316406,0.20287899672985077,301.5172424316406,0.2024488002061844,300.8778991699219,0.20330919325351715,302.1565856933594
2,MEDITERRANEAN,441,15162,0.16547393798828125,245.92613220214844,0.16547393798828125,245.92613220214844,0.16319099068641663,242.53323364257812,0.16775688529014587,249.31903076171875
3,NORTH_HEMISPHERE,5406,381437,0.19612006843090057,291.47216796875,0.19612008333206177,291.4721984863281,0.1956641525030136,290.7945861816406,0.19657601416110992,292.1498107910156
4,SEA,10139,645687,0.20207077264785767,300.3160705566406,0.2020706832408905,300.3159484863281,0.2017229199409485,299.7991027832031,0.20241844654083252,300.832763671875
5,PACIFIC,2369,137482,0.19481930136680603,289.5389709472656,0.1948194056749344,289.5391540527344,0.19408749043941498,288.4513854980469,0.1955513209104538,290.6269226074219
6,LAND,4889,163450,0.18825633823871613,279.78515625,0.18825627863407135,279.7850646972656,0.18754462897777557,278.7274169921875,0.18896792829036713,280.84271240234375
