,storm_classification_type,num_storms,num_samples,test_mae_ci,denormalized_test_mae_ci,test_mae_ci_lower_0.95,denormalized_test_mae_ci_lower_0.95,test_mae_ci_upper_0.95,denormalized_test_mae_ci_upper_0.95
0,MEDITERRANEAN,441,15162,0.13228213787078857,201.59173583984375,0.1308055818080902,199.34152221679688,0.13375869393348694,203.84193420410156
1,PACIFIC,2369,137482,0.15573520958423615,237.33309936523438,0.15523095428943634,236.56463623046875,0.15623946487903595,238.1015625
2,SOUTH_HEMISPHERE,5821,427700,0.1661367416381836,253.18453979492188,0.16583535075187683,252.72523498535156,0.16643813252449036,253.6438446044922
3,SEA,10139,645687,0.16399702429771423,249.92372131347656,0.16375401616096497,249.5533905029297,0.1642400324344635,250.29405212402344
4,NORTH_ATLANTIC,3065,116134,0.1626034677028656,247.8000030517578,0.16204364597797394,246.94686889648438,0.16316328942775726,248.6531524658203
5,NORTH_HEMISPHERE,5406,381437,0.1567840576171875,238.93150329589844,0.15647117793560028,238.45468139648438,0.15709693729877472,239.40830993652344
6,LAND,4889,163450,0.15138766169548035,230.7076416015625,0.1509077548980713,229.97628784179688,0.1518675684928894,231.43899536132812
